,Time,Metric
0.1,27.248703241348267,0.73313
0.2,32.137929916381836,0.73349125
0.3,43.77782320976257,0.7335116666666667
0.4,64.51912760734558,0.733558125
0.5,88.60880374908447,0.7338895
0.6,94.01658797264099,0.7338479166666667
0.7,118.86120104789734,0.7339257142857143
0.8,133.5087571144104,0.7339321875
0.9,131.96815872192383,0.7339388888888889
1.0,142.8038866519928,0.73398375
