,Time,Metric
0.1,39.69672632217407,
0.2,70.11089944839478,
0.3,94.51068902015686,
0.4,123.14445471763611,
0.5,171.68934750556946,
0.6,206.8264262676239,
0.7,228.91325211524963,
0.8,267.63171577453613,
0.9,293.77726316452026,
1.0,326.69960260391235,
