,Time,Metric
0.1,25.820061683654785,0.5708699750027315
0.2,45.6068754196167,0.6333247225065233
0.3,73.04624605178833,0.6779401122942705
