,Time,Metric
0.1,106.52382469177246,0.4263049050198717
0.2,130.2862823009491,0.4288969853996377
0.3,350.3130056858063,0.428504161050077
0.4,395.32624435424805,0.4280859185758428
0.5,367.7738974094391,0.42969707573185734
0.6,450.0935151576996,0.4282496560961219
0.7,497.5072994232178,0.4272504019663235
0.8,459.1501979827881,0.42715893845448255
0.9,541.8071415424347,0.42949565122592587
1.0,691.8275828361511,0.42970407502847524
