,Time,Metric
0.1,10.847286701202393,0.66519063708539
0.2,21.18761420249939,0.6664607365713493
0.3,31.768335342407227,0.6681837204478563
0.4,43.21693420410156,0.6715813864112423
0.5,51.52163338661194,0.6715804381712097
0.6,65.57311940193176,0.6714911534205328
0.7,70.45956420898438,0.6710971945446953
0.8,82.3525390625,0.6712130503848568
0.9,98.93277668952942,0.6699107084871396
1.0,108.03984069824219,0.6701413053846041
